Dataset,Model,N_images,Dice,Dice_std,mIoU,mIoU_std,Sensitivity,Sensitivity_std,Specificity,Specificity_std,FPR,FPR_std,FPR_pixel
CHASE-DB1,"MFAD (pass-1, no feedback)",8,0.7679,0.0337,0.6244,0.0439,0.745,0.0546,0.9851,0.0045,0.0149,0.0045,0.014934
CHASE-DB1,"MFAD (pass-2, feedback)",8,0.7952,0.0244,0.6606,0.0335,0.7811,0.0374,0.9859,0.0032,0.0141,0.0032,0.014131
CVC-ClinicDB,"MFAD (pass-1, no feedback)",61,0.9013,0.1223,0.8373,0.1567,0.9074,0.1372,0.9921,0.018,0.0079,0.018,0.007682
CVC-ClinicDB,"MFAD (pass-2, feedback)",61,0.9367,0.0822,0.889,0.1077,0.9419,0.0673,0.9934,0.0163,0.0066,0.0163,0.006427
DRIVE,"MFAD (pass-1, no feedback)",4,0.0153,0.02,0.0078,0.0102,0.008,0.0106,0.9981,0.0014,0.0019,0.0014,0.001899
DRIVE,"MFAD (pass-2, feedback)",4,0.7618,0.0105,0.6154,0.0138,0.7714,0.036,0.975,0.0046,0.025,0.0046,0.025051
EM-Dataset,"MFAD (pass-1, no feedback)",3,0.4834,0.0767,0.321,0.0651,0.9753,0.0161,0.8587,0.0214,0.1413,0.0214,0.140908
EM-Dataset,"MFAD (pass-2, feedback)",3,0.9375,0.0064,0.8824,0.0114,0.9462,0.0181,0.9946,0.0026,0.0054,0.0026,0.005391
Kvasir-SEG,"MFAD (pass-1, no feedback)",120,0.9222,0.081,0.8643,0.1164,0.9383,0.0884,0.9828,0.032,0.0172,0.032,0.015394
Kvasir-SEG,"MFAD (pass-2, feedback)",120,0.9222,0.0864,0.8654,0.1234,0.9359,0.1064,0.9849,0.0281,0.0151,0.0281,0.013854
